"Var1";"Freq"
"1";0.06798
"2";0.1864
"3";0.01974
"4";0.34868
"5";0.05702
"6";0.30044
"7";0.01974
