"patient","score_patient"
"tcga-a2-a0t0",3.85947559410995
"tcga-an-a0xw",3.375528200185
"tcga-bh-a0ha",3.19170312390141
"tcga-a8-a09g",2.76899347969995
"tcga-bh-a0bz",2.45093973006216
"tcga-bh-a0hp",2.21032739542296
"tcga-bh-a0dz",2.01321739097674
"tcga-a8-a08l",1.755171001439
"tcga-a8-a06x",1.73721941878029
"tcga-a8-a08f",1.52647277745481
