"patient","score_patient"
"tcga-bh-a18v",1.33623370133548
"tcga-a2-a0cx",1.22703020818184
"tcga-a1-a0so",1.21646002204081
"tcga-an-a0fl",1.20819846328878
"tcga-a8-a094",1.20540142369414
"tcga-d8-a147",1.15150333314649
"tcga-e2-a14r",1.14178694890805
"tcga-a8-a08r",1.11952756107288
"tcga-a7-a0da",1.11818745868924
"tcga-ao-a124",1.11718951073166
