"clinival_var","score_clini"
"patient.ethnicityhispanic.or.latino",-0.000636835770693307
"X.clinical.patients..cols..mixed.histology..please.specify.",-0.00511872834172216
"Metastasis.CodedPositive",-0.00528446677259825
"HER2.Final.StatusEquivocal",-0.0061012973247547
"X.clinical.patients..cols..other..specify",-0.0146774115613886
"NA.43.49.",-0.0251573318142557
"NA.82.89.",-0.0330616847586119
"NA.49.54.",-0.0410365899258531
"NA.70.76.",-0.0425759982186453
"NA.36.43.",-0.053403826567422
